{
  "dod": {
    "original": {
      "size": 60.40806504,
      "read_time": 199.67700862884521,
      "read_process_time": 26.972718565999998
    },
    "numpy": {
      "size": 31.364919003,
      "write_time": 490.3142189979553,
      "write_process_time": 0.007509619999996886,
      "read_time": 204.43302416801453,
      "read_process_time": 19.609197064999996
    },
    "zarr_clevel_3": {
      "size": 28.996944307,
      "write_time": 728.70507645607,
      "write_process_time": 0.00920934799999884,
      "read_time": 273.2509922981262,
      "read_process_time": 61.11001293000001
    },
    "zarr_clevel_9": {
      "size": 28.994461131,
      "write_time": 850.0655913352966,
      "write_process_time": 0.011169174000002613,
      "read_time": 270.82241463661194,
      "read_process_time": 61.310940196999994
    },
    "zarr_clevel_22": {
      "size": 28.974419571,
      "write_time": 4718.296805381775,
      "write_process_time": 0.06435486199998763,
      "read_time": 280.4708993434906,
      "read_process_time": 62.87659549599999
    }
  },
  "sc": {
    "original": {
      "size": 7.596619959,
      "read_time": 160.8680341243744,
      "read_process_time": 139.67407343200003
    },
    "numpy": {
      "size": 15.199365524,
      "write_time": 547.8400344848633,
      "write_process_time": 0.005346866000024875,
      "read_time": 101.2500467300415,
      "read_process_time": 9.675074805999998
    },
    "zarr_clevel_3": {
      "size": 7.298113565,
      "write_time": 660.344972372055,
      "write_process_time": 0.004059013000016876,
      "read_time": 98.6725652217865,
      "read_process_time": 27.06347115899996
    },
    "zarr_clevel_9": {
      "size": 6.024802575,
      "write_time": 975.7420721054077,
      "write_process_time": 0.011121247999994921,
      "read_time": 85.84889578819275,
      "read_process_time": 25.36562094499999
    },
    "zarr_clevel_22": {
      "size": 5.12707409,
      "write_time": 5406.884884119034,
      "write_process_time": 0.07827531300000601,
      "read_time": 85.44354939460754,
      "read_process_time": 25.973032115999956
    }
  }
}