{
  "dod": {
    "original": {
      "size": 2.162312231,
      "read_time": 0.8853259086608887,
      "read_process_time": 0.8443261000000002
    },
    "numpy": {
      "size": 1.122188264,
      "write_time": 12.594069242477417,
      "write_process_time": 0.0004220999999997588,
      "read_time": 0.2559809684753418,
      "read_process_time": 0.25575930000000024
    },
    "zarr_clevel_9": {
      "size": 1.039661186,
      "write_time": 36.069222927093506,
      "write_process_time": 0.0006035999999998154,
      "read_time": 1.591914176940918,
      "read_process_time": 1.5918959
    },
    "zarr_clevel_22": {
      "size": 1.038559221,
      "write_time": 125.85471963882446,
      "write_process_time": 0.0008253000000006949,
      "read_time": 1.7620036602020264,
      "read_process_time": 1.7619410000000002
    }
  },
  "sc": {
    "original": {
      "size": 0.197670304,
      "read_time": 8.48120403289795,
      "read_process_time": 8.091811499999999
    },
    "numpy": {
      "size": 0.395442973,
      "write_time": 5.849015951156616,
      "write_process_time": 0.0005601999999989005,
      "read_time": 0.09483551979064941,
      "read_process_time": 0.09478839999999877
    },
    "zarr_clevel_9": {
      "size": 0.157477233,
      "write_time": 19.758970975875854,
      "write_process_time": 0.0008797000000004829,
      "read_time": 0.47019410133361816,
      "read_process_time": 0.47016749999999874
    },
    "zarr_clevel_22": {
      "size": 0.133656814,
      "write_time": 194.04995965957642,
      "write_process_time": 0.003743800000000519,
      "read_time": 0.4831533432006836,
      "read_process_time": 0.4831163000000007
    }
  }
}